Trait,Count
친화적,2744
온순,1880
겁O,1561
꼬리단미X,1069
꼬리단미O,852
피부질환,823
오염,820
활발,805
털상태미상,774
소심,648
입질O,480
칩O,462
귀접힘,412
경계,385
치석,378
슬개골이상,338
방어적,328
귀여움,295
상처,283
털상태불량,269
미용,265
애교,265
백내장,259
부정교합,242
건강,238
여윔,223
유선발달,212
낑낑댐,203
종합백신접종,203
짖음,194
광견병백신접종,188
탈모,176
대형견,147
진드기,146
털상태양호,145
결막염,136
친화적X,135
사나움,134
구충완료,132
소형견,128
긴장,126
이염,125
털빠짐O,118
비만,116
예쁨,114
신중,107
깨끗함,106
기력X,105
매력적,101
발톱관리필요,101
골절,94
파보바이러스O,90
홍역O,87
예민,86
조용,86
코로나장염접종,85
유기,84
칩U,83
구강질환,82
탈장,82
호기심,82
며느리발톱,82
출혈,81
잘생김,74
도망다님,72
사랑스러움,72
유치,71
심장사상충O,70
파보바이러스X,68
미모,68
심장사상충X,67
배변훈련중,59
심장질환,59
분리불안O,56
코로나장염O,55
기립불능,53
송곳니,53
건강불량,52
칩X,47
식탐,46
산책필요,46
관심필요,45
배변훈련O,45
염증,44
치료,43
똑똑,43
설사,43
수술,43
장난기,43
부종,42
심장사상충접종,41
종양,41
꼬리털,40
탈구,39
기침,37
귀쫑,36
관리,36
코로나장염X,35
강아지,34
마킹습관,33
발정,32
교통사고,32
꼬리짧음,32
꼬리단단함,31
백신,31
출산,30
짧은다리,30
홍역X,29
충성심,29
새끼,28
안기려함,28
잠복고환,28
마비,28
도깨비풀붙음,28
적응력,27
각질,25
안구궤양,24
예방접종,24
풍성한털,24
흉터,24
양후지,23
복부팽만,23
영양관리필요,23
샴푸향,23
콧물,23
영구치,23
온순함,21
앞니빠짐,21
긴다리,21
안위축,20
프론트라인,20
호흡문제,19
치아손상,18
혈뇨,18
꼬리끝털,18
자신감,18
쌍꺼풀,18
사마귀,18
후지파행,17
임신,17
각막혼탁,17
보호소,17
털빠짐X,16
충혈,16
셀렉션,15
파행,15
절뚝거림,15
이빨부족,15
꼬리말림,15
귀처짐,15
코팥,14
입질X,14
유치잔존,14
앉음,14
식욕부진,14
훈련,14
알러지,13
유실,13
체리아이,13
성장,13
외상,13
부상,13
앞니결핍,13
편식,13
남매,12
앞니,12
모성애,12
백신접종,12
통증호소,12
돌변,12
안충,11
저체온,11
빈혈,11
야윔,11
구더기,11
털짧음,11
긴털,11
떠돌이,11
중형견,11
타박상,10
틱증상,10
사망,10
보호,10
송곳니깨짐,10
관리요구,10
털관리,10
구토,10
절단,10
앞니없음,10
앞니부족,10
생리중,9
코진,9
다리,9
관리부족,9
검털,9
모낭충,9
훈련필요,9
보호본능,9
귀털,9
양송곳니,8
노견,8
흥분주의,8
침흘림,8
혀내밂,8
이빨없음,8
따뜻한,8
비틀거림,8
가려움증,8
길생활,8
습진,8
어미,7
자기주장,7
동복,7
예후불량,7
관절질환,7
활발X,7
보호중,7
꼬리털남김,7
아이라인,7
추위,7
항생제,7
붓기,7
새끼들,7
혈변,7
녹내장,7
접종,7
손재주,7
전지파행,7
스팟온,7
달래기,6
고집,6
치아문제,6
턱밑,6
마운팅,6
괴사,6
털이길다,6
목욕,6
뒷다리,6
배변훈련X,6
우전지,6
좌전지,6
백구,6
다침,6
발달,6
전산처리예정,6
귓병,6
탈수,6
농수로,6
비틀댐,6
유두,6
지키기,6
혀나옴,6
생명,6
분양가능,6
장애,6
송곳니이상,6
송곳니마모,6
아래앞니빠짐,6
콧등,6
깔끔함,6
잇몸질환,5
콧등까짐,5
혀내밀기,5
찹쌀떡,5
전산처리,5
털빛,5
윗앞니,5
꼬리문제,5
패턴,5
인적이없는,5
애착,5
귀끝처짐,5
질투,5
백신완료,5
응급처치,5
심잡음,5
안정적,5
신경질환,5
네발털,5
훈련중,5
딸기코,5
양위송곳니,5
꼬리위로말림,5
잠복성,5
이빨드러냄,5
자충,5
안락,5
가벼움,5
털이많음,5
이빨,5
꼬리남김,4
곰돌이,4
강인함,4
멀미,4
교상,4
귀뒤로넘김,4
네발털짧음,4
잠복,4
다가감,4
추운,4
골반손상,4
기증처리,4
귀약,4
체계적관리,4
자견,4
씩씩함,4
들개,4
기생충증,4
동배자견,4
광견백신,4
짧음,4
털문제,4
발발,4
귀짝처짐,4
양전지,4
우유자국,4
콧잔,4
강한,4
혀내밈,4
백설기,4
돌아다님,4
하트모양코,4
모성,4
촉촉한털,4
안질충,4
유니크함,4
근육손상,4
절음,4
각자개성,4
반려견,4
털뭉치,4
거부감없음,4
안구질환,4
어미와함께,4
긴꼬리,4
사상충예방,4
생식기,4
여리함,4
발끝,4
네발,4
입주변,4
귀뒤로잘넘김,4
잘넘김,4
몸에힘줌,4
꼬리털긺,4
백곰,4
가출,4
고환,4
윗송곳니,4
아토피,4
천식,4
우울함,4
결석,4
발바리,4
관리필요,4
행복,4
짝처짐,3
구분안됨,3
꼬리콥터,3
인내심,3
행복함,3
인식표,3
사진찍기좋아함,3
개선충,3
헥헥댐,3
후지,3
닮음,3
나이어려움,3
적합함,3
이빠짐,3
어미견,3
흔들림,3
외부기생충구제제도포,3
체구,3
빠짐,3
소독,3
교육됨,3
독특한외모,3
털떼탐,3
미소,3
송곳니빠짐,3
약처방,3
말림,3
뒷발,3
뾰족한귀,3
시력저하,3
지능,3
백신접종완료,3
털긺,3
묶임,3
아래앞니,3
허벅지,3
귀짧음,3
나이불확실,3
늠름함,3
못디딤,3
위로말림,3
자매,3
안구손상,3
강함,3
긴귀,3
이빨빠짐,3
털털함,3
우후지,3
꼬리길이,3
귀찮음,3
스킨십,3
비강,3
좌후지,3
겁X,3
입가검털,3
불편,3
꼬리끝말림,3
치아이상,3
세련된,3
소녀,3
짝짝이,3
외부기생충예방,3
털털,3
귀반접,3
꼬리를물지않는,3
윗앞니빠짐,3
독립적,3
우안,3
심함,3
네다리,3
치주염,3
이목구비,3
소음민감,3
까망털,3
인대파열,3
엄마닮음,3
털이긴,3
의심,3
알비노,3
러블리,3
치아,3
보행,3
누워만있음,3
안구돌출,3
달래기좋아함,3
헌신적,3
동복자견,3
관리잘됨,3
주인애,3
예방,3
귀반,3
솜사탕,3
이빨손상,3
비염,3
찰과상,3
뒷다리약함,3
발적,3
가정적합,3
북실북실한털,3
상태,3
귀가선하,3
코검,3
사이좋음,3
꼬리흔듦,3
우아함,3
가늘,3
송곳니결핍,3
주둥이,3
야생성,3
왼쪽심함,3
적합,3
어울림,3
기특함,3
따뜻함,3
송곳니짧음,3
매너벨트,3
이빨일부없음,3
옆구리,3
털좋음,3
발털짧음,3
아래송곳니,3
뼈노출,3
독특한,3
깨진송곳니,3
락드림,3
등뼈만져짐,3
보행부자스러움,2
후지경,2
왼귀처짐,2
위아래앞니없음,2
위송곳니없음,2
각막염,2
털거침,2
도로변,2
턱선,2
엉덩이털,2
털이밀린,2
격리,2
항문헐음,2
힘이없음,2
유실견,2
안약,2
약한,2
뱃짝늘어짐,2
덩치,2
혀내밀,2
킁킁거림,2
길쭉한귀,2
청일점,2
러블리함,2
오른귀,2
관리미흡,2
지시어훈련,2
이빨거의없음,2
상태좋음,2
길쭉한체형,2
오른위송곳니없음,2
오른귀처짐,2
외동티,2
귀잘림,2
아련미,2
찢어짐,2
털묻음,2
조종소방서,2
춥다,2
털젖음,2
몸매,2
털덮임,2
옴감염,2
사냥견,2
근육,2
감기,2
새끼와함께옴,2
털댐탐,2
양후지못씀,2
나이불가,2
신기함,2
말랑,2
싫어함,2
털떼어짐,2
꼬리길게,2
처음반려견적합,2
좋아함,2
지킴이,2
부부,2
장파열,2
빠름,2
올무,2
악취,2
송곳니없음,2
추워요,2
척추손상,2
다리털,2
각막천공,2
실명,2
이빨닳음,2
도움요청,2
나이확인불가,2
양안,2
귀가세워진,2
엄빠,2
이빨깨짐,2
마스티프느낌,2
잘림,2
검사완료,2
꼬리털길게남김,2
털긴,2
인수,2
안정감,2
뚜렷한이목구비,2
왼귀,2
쫓음,2
운영,2
보호소지정,2
독특한패턴,2
사료섭취,2
인절미,2
관리요구량,2
기억력,2
포동한,2
혀내밀음,2
파고들어감,2
팔랑이귀,2
앞니이상,2
뒤로넘김,2
꼬리끝털남김,2
코팥죽,2
귀끝잘림,2
인형,2
사료,2
무른변,2
윙크,2
안면,2
고민,2
사료선호,2
꼬리달림,2
사진찍기,2
앞다리,2
어미와함께옴,2
냄새,2
반달곰,2
치주질환,2
유니크한,2
시간필요,2
리더쉽,2
여아,2
가정적,2
많음,2
항문,2
주근깨,2
사진,2
꼬질함,2
고유한,2
반복적인행동,2
민들레홀씨털,2
반짝이는,2
선명함,2
내추럴,2
경구투여,2
귀쳐짐,2
입벌림,2
거부감,2
촉촉한,2
새끼를낳음,2
길바닥,2
낳음,2
신체적인,2
근육질,2
꼬리흔들기,2
댕댕이,2
양윗송곳니,2
찾음,2
개골,2
바랜코,2
거리생활,2
독특함,2
예상,2
웨이브털,2
가늘다,2
의존,2
기관지협착,2
다리문제,2
새끼낳음,2
허니아,2
과수원,2
안면부,2
귀짝,2
윗앞니없음,2
털심,2
이빨거의,2
모량,2
마모,2
고령,2
야생적인,2
안구백탁,2
꼬물이,2
견고함,2
검털섞임,2
귀가길다,2
뽈뽈거리는,2
원숭이,2
공을좋아함,2
귀상태,2
낭종,2
반전,2
불린사료,2
잠부족,2
각막손상,2
걷기미흡,2
깨짐,2
훈련필요함,2
패딩,2
목욕잘함,2
샤프함,2
반짝반짝,2
상냥함,2
인절미귀,2
주름,2
윗니없음,2
체형,2
치아유실,2
파고듦,2
몸무게,2
우안체리아이,2
물개형태,2
나이확인어려움,2
귀뒤,2
헤비급,2
입주변털,2
차우차우,2
발바닥,2
꼬리미단,2
신체적특징,2
꼬리없음,2
장모,2
힘없음,2
삼형제,2
상태불량,2
친절한,2
날렵함,2
목도리,2
거부함,2
세련미,2
대칭,2
홍일점,2
흔적,2
길다,2
중단모,2
관리잘함,2
웃음,2
화려함,2
발가락다섯개,2
털남김,2
함께옴,2
주인분실,2
앉음가능,2
귀끝,2
신비로움,2
포유동물,2
아이라인진함,2
달려다님,2
수염,2
기슈견,2
걷기,2
처짐,2
새끼와함께,2
침착,2
꼬리끝털긺,2
귀문제,2
백치미,2
걷기불편,2
잠복적,2
꼬리꼬리,2
끝뭉툭,2
세척,2
꼬리털길이,2
매우좋아함,2
날씬함,2
떠돌이생활,2
털엉망,2
기본훈련,2
기생충,2
아랫니,2
영유아적합,2
안락사,2
적합한,2
머즐,2
단호함,2
뒷다리이상,2
딱지,2
껌딱지,2
지알디아X,2
모견,2
꼬리끝꺾임,2
분리불안X,2
돌출,2
HW,2
체온높음,2
폼피츠,2
착하,2
손가능,2
듬직함,2
코트,2
경량,2
호피털,2
이국적인외모,2
복수,2
다이어트,2
기본교육,2
귀모양,2
박쥐날개모양귀,1
고환이하나내려와있음,1
휜뒷다리,1
꼬리길,1
희귀한,1
소변보기,1
하악부위송곳니,1
수영능력,1
고급스러움,1
사자꼬리,1
달래는,1
등털절삭,1
포유흔적,1
보디가드,1
미소천사,1
엄근진,1
관리능력,1
남성적,1
마지막,1
중서화흔적,1
치아거의없음,1
잘놀림,1
털묶음,1
교합,1
선함,1
숨기기,1
듬듬미,1
십자인대문제,1
패혈증,1
개방성,1
무딛질,1
지속적관리요구,1
집안느낌,1
항문털털림,1
맹함,1
기분종잡을수없음,1
생각불분명,1
입짧음,1
미숫가루빛,1
오른아래송곳니깨짐,1
아랫니두개빠짐,1
윗송곳니빠짐,1
혀튀어나옴,1
피흘림,1
우전지못함,1
동물보호법위반,1
수의사법위반,1
우안안구손상,1
신나는,1
케이블타이로고정,1
겸손,1
인근저수지,1
오른윗송곳니빠짐,1
살이쪄야함,1
안전,1
후지올가미,1
무섭지않음,1
엄격함,1
들창한외모,1
짜장머즐,1
목욕필요,1
밀크커피빛,1
뽀글뽀글한털,1
으러렁댐,1
동글둥글,1
에르리히아항체,1
울프독스러운털,1
묶어놓음,1
우주선수건,1
요구함,1
건사료,1
몸털털,1
볼따구,1
쫀덕쫀덕,1
네발끝,1
자견파,1
귀미,1
철사올가미목파고듦,1
음낭부위헐어있음,1
분위기,1
무드,1
다리굵기,1
외모완벽함,1
치아마모,1
윗턱돌출,1
조련능력,1
뒷다리문제,1
쓸개골,1
외사시,1
귀모양특이,1
잿빛,1
오른송곳니깨진,1
마르,1
자궁질환,1
방석훈련,1
안경쓴듯한모양,1
겨울,1
끊어짐,1
격하함,1
견갑주,1
교합이상,1
고절,1
애착력,1
헌신,1
꼬리반점,1
보행능력,1
등반점,1
몽롱함,1
콜리스러운털모양,1
치아소실,1
양육경험필요,1
등엉덩이까지,1
힘이셈,1
흑임자털,1
민첩함,1
입씰룩함,1
곰돌이같음,1
아이라인있는,1
향긋한냄새유지,1
이빨전혀없음,1
결심력,1
발바닥털,1
돌출된안구,1
이가삭,1
재빠름,1
코새까맣음,1
편의점,1
치아상태,1
물린흔적,1
혼자다님,1
치근거림,1
불린사료섭취,1
뽀얀외모,1
짧털,1
아이라인돼지털,1
윗니,1
이빨내밀,1
네발패드,1
넥카라,1
안길려고함,1
복실복실,1
점잖,1
두겹털,1
털결,1
코주변부풀음,1
관리가필요한,1
후원함,1
덩지가있는,1
다침뼈,1
관리됨,1
멜로우,1
짝쳐진귀,1
성처딱지,1
귀가한쪽만접혀진,1
여우,1
삐에로,1
광대모자,1
들참,1
동그랗게생김,1
빛나는턱,1
코위로털,1
자주자는,1
팔랑거림,1
짝접혀,1
상태안좋음,1
치인듯함,1
노는것,1
외관,1
사이즈,1
양윗송곳니깨짐,1
쉼터,1
폭신폭신한털,1
사체인계,1
폐사,1
양볼,1
날렵한몸매,1
소방서,1
하트모양,1
좌전지팔꿈치,1
총기가득함,1
우안근처지방종,1
근육량부족,1
감수성풍부,1
흑진주빛,1
팔랑귀,1
우둘투둘함,1
목뒤몽우리,1
하이톤,1
이뻐함,1
호의적,1
후지털,1
추락,1
후전지,1
교쇠,1
보이지않음,1
안심,1
안면털,1
양말신,1
락안됨,1
꼬리위로짝말림,1
찌고다리얇음,1
등쪽동그랗게,1
관리가잘되어있다,1
빨리찾다,1
떠남,1
빨리찾음,1
무게감있음,1
우후지다리,1
근성,1
기어다니,1
고환증,1
빵빵한볼,1
물가능성,1
잘자,1
손많,1
손질된,1
보행이해필요,1
모델체형,1
감독,1
도롯가,1
돌아다니는개,1
안보이는,1
CCTV확보,1
구미당지지않음,1
불법,1
천사견,1
뜬장,1
레보루션,1
이빨건의없음,1
둥글고긴귀,1
즐거움,1
국물라인,1
반전적,1
질병,1
폭신한털,1
유니크한질감,1
배털,1
좌전지요,1
결단력,1
우측전지봉합,1
반복적임,1
말린꼬리,1
털떡짐,1
자궁축농증,1
좌후지경,1
휘어짐,1
털관리잘함,1
앙다문입술,1
방석취미,1
지친,1
앞다리패턴,1
사진미숙,1
송곳니들림,1
안으려고끼깅함,1
분양불가,1
토실토실,1
조그만몸,1
전기선,1
뒷다리빨갛고쓸린듯,1
꼬리단정함,1
야무지,1
저항심강,1
하반신,1
물어뜯음,1
점액변,1
꼬리털길게,1
다정함,1
성장중,1
턱밑검털섞임,1
말려있음,1
입털,1
예방주사,1
간질환,1
털모양,1
발없음,1
잇몸손상,1
다견가정적합,1
오래돌아다님,1
포실포실한털,1
매너교육필요,1
드레싱,1
까만털,1
털이보들보들한,1
돌변주의,1
우측심함,1
시츄,1
면역,1
마취,1
청진,1
두드러기,1
자기주장이강함,1
학대,1
범죄,1
조려함,1
입가검반점,1
관찰적,1
꼬리우측,1
물린자국,1
패셔니스타,1
날씬한다리,1
청각미흡,1
담요,1
캔네파바이러스,1
좌안적출,1
간수치상승,1
자유로움,1
자해행동,1
건장함,1
힘쎔함,1
양뒷발목,1
시계방향으로돔,1
폐사상태,1
묶인흔적,1
궁둥이,1
운명,1
대역변,1
촉촉한코,1
향기,1
알머리컷,1
질주본능,1
대퇴골심함,1
매끈한털,1
왼편심함,1
다래,1
체온,1
양송곳니깨진,1
또렷한,1
너구리스러운,1
자기주장력,1
혈당저하,1
여우느낌,1
동글한꼬리,1
털긴편,1
짝됨,1
호전됨,1
꼬리털털결림,1
존재,1
긴아이라인,1
좌전지발끝,1
양후지발,1
우안백탁,1
신호이해부족,1
방석,1
탈진,1
발라당하는,1
집나온지좀된듯함,1
늘씬한몸매,1
입등쪽검털,1
사치,1
혈통관리,1
귓병있음,1
캔네프바이러스,1
힘빠짐,1
변덕,1
마늘형태,1
옥수수수염모양발바닥털,1
털양파,1
자주긁음,1
다발성장기부전,1
교감뛰어남,1
양안각막백탁,1
코피,1
청미,1
의사표현잘함,1
셔틀랜드쉽독느낌,1
심한복수,1
집안꾼,1
황달,1
애처로움,1
앞발깡총깡총,1
손다루기쉬움,1
헤하고입벌림,1
머리털떡짐,1
절세겸둥,1
오른다리,1
우유,1
긴털꼬리,1
대소변잘가림,1
조화로움,1
안약처방,1
관찰력좋음,1
아이라인없음,1
저혈당,1
빠르개,1
마음,1
사로잡는,1
느릿느릿,1
전신마취후검사,1
보행불편,1
둥글둥글함,1
관리용이,1
무지개골,1
생년월일,1
쌩얼,1
높이적당,1
얼음,1
웃는웃상,1
지정,1
운영자,1
발바리같음,1
이해,1
아래앞니삐뚤,1
보호소에서관리,1
양후지보행,1
속상함,1
이빨적음,1
외모화려,1
방정피우지않는개,1
닮외모,1
꼬리잘다룸,1
하복부절개,1
철사감김,1
수태,1
동양적외모,1
추운날씨에대비필요,1
털촉촉,1
마스코트견,1
골드빛,1
뛰어넘기,1
느리게,1
뛰기,1
발콥긺,1
대천사성향,1
앉음잘알아듦,1
복부발적,1
정신사나움,1
쫄쫄쫄함,1
불독느낌,1
다리저는,1
대변활동이원활함,1
외모귀짝,1
짱구머리,1
함몰,1
두피털이얇음,1
털자라는중,1
대칭패턴,1
좌후지절음,1
결손,1
보더콜리,1
끈기,1
다칠수있음,1
불법적,1
추위민감,1
둔함,1
우울하지않음,1
귀가가장크다,1
초롱,1
자기표현,1
하트가드,1
몸털,1
앞다리목,1
희로인,1
단정한털,1
인상적,1
빗질어려움,1
니삭스신듯한패턴,1
진짜,1
막집나온,1
주인에영향을받음,1
우전,1
올무걸림,1
윗턱,1
양육,1
관리요,1
모량풍부,1
이빨아주,1
털많음,1
찡박힌,1
진흙,1
앞발잘씀,1
졸린,1
복실털,1
양앞발꿈치굳,1
청초한느낌,1
유일함,1
아랫앞니거의없음,1
만화적인,1
뻣뻣함,1
고풍스러운,1
꼬리흔듬,1
항문폴립,1
자세,1
촬영,1
빠른발걸음,1
예상가능,1
수축,1
몰키,1
넘이뽀,1
빵빵한모량,1
똥글뚱한몸매,1
반기는,1
외모중시,1
추억력,1
여리한외모,1
까만코,1
멜롱이,1
배려하는,1
탈출시도함,1
총견,1
극세사,1
고양함,1
흑백,1
접종안됨,1
잠자는,1
졸림,1
포즈취함,1
털패턴,1
안검내반,1
전투측정기,1
안경,1
프로벽타기능력,1
마상입음,1
불신,1
촬영함,1
앙다른입술,1
토끼,1
촉감반응,1
뇌질환의심,1
안좋아짐,1
항상있는,1
구월이름,1
검털많음,1
민감,1
엄마미소,1
잔디밭,1
여성적,1
오른쪽,1
길다란귀,1
공장,1
직원,1
다이어트필요,1
덩치있음,1
세련된스타일,1
더크함,1
쫄깃,1
질투심,1
쫄쫄거림,1
야물딱진,1
농로에빠져있음,1
내복약,1
주사항생제,1
빨리낫음,1
응가누는,1
귀퉁퉁,1
절미빛깔의,1
윗송곳니마모,1
보들보들한털,1
입주위,1
주변민가없음,1
보이쉬함,1
길쭉한몸매,1
명량함,1
턱수염모양의,1
포인트털,1
앉음훈련,1
손훈련,1
토속적인외모,1
자극에민감하다,1
셰퍼드느낌,1
양아래,1
와일드,1
집나온,1
꼬리털길음,1
사전검사완료,1
보더콜리느낌,1
곰처럼,1
자랑,1
털결매,1
반할외모,1
미소녀,1
민첩한,1
털상,1
감정적,1
털뿜뿜,1
웨이브진털,1
엉덩이쪽털긺,1
뒷다리편향,1
싫행동,1
근육부족,1
아이라인돋보임,1
근처,1
비틀대는,1
질분비물,1
털이빽빽함,1
공손함,1
포도밭,1
컨테이너,1
사료식사,1
아롱거리는,1
꼭잡는,1
패셔니한,1
니삭스,1
쫄래쫄래,1
뱃늘어짐,1
입가씰룩함,1
귀가접혀있음,1
강서구호,1
세모귀,1
주름턱,1
인도적처리,1
수의사소견,1
두꺼운꼬리,1
붉바탕,1
살랑살랑한꼬리,1
반려견생활,1
엄마품그리운,1
말랑한사료,1
복실함,1
발부분,1
발패드손상,1
동그란,1
꼬리끝짝말림,1
백구종류,1
끝처짐,1
자리,1
청진상태,1
탐스러운꼬리,1
여우상외모,1
보호소생활,1
가만히,1
앞발깡총,1
송곳니돌출,1
폐질환,1
고정,1
배부름,1
부정맥,1
예후,1
몸을가누지못함,1
파리알,1
양후지턱,1
보들보들한,1
송곳니문제,1
병원예정,1
형제같음,1
물씬,1
도시적인,1
천사같음,1
떠돌아다님,1
다리꼬리털김,1
포실한털,1
사납지않음,1
전신황달,1
우측송곳니깨짐,1
심한야울,1
선량함,1
녹음,1
털빗질,1
털관리필요함,1
엄마,1
왼송곳니빠짐,1
털종류,1
털런,1
사납음,1
위생,1
주차장에나가지않음,1
검점특징,1
희망,1
외출,1
빠른대응력,1
으릉거림,1
새뽀얀,1
스케일링,1
이빨드러남,1
다수와함께있음,1
가출로보임,1
발목,1
변심함,1
똥덩어리,1
자존감,1
발핥음,1
모찌함,1
구름모양코,1
매일빗질필요,1
다섯,1
오른귀밑부분,1
동네생활,1
검사,1
레어,1
산속돌아다님,1
발발感,1
애처로운느낌,1
코딱지,1
양무릎,1
오래됨,1
징이박혀있음,1
산타분장,1
짧게밀린등,1
엉뚱함,1
검콧수염,1
코밑,1
새침함,1
독수리,1
볼록한배,1
집나온느듯함,1
집안개,1
레불루션,1
힘이되어줌,1
참하,1
민들레모양,1
만발함,1
엄청좋아함,1
견고한,1
혼나,1
귀끝모양,1
귀가다른모양,1
매너밸트,1
기저귀고정끈,1
자국,1
치아관리뛰어남,1
털매끈함,1
오리그림,1
붙임성,1
대존예,1
쓸린,1
잭러셀닮음,1
포텐션,1
다리끝,1
가늘고,1
여우상의,1
골격,1
혓바닥,1
우안사시,1
빠른,1
실크빛,1
산속,1
토실,1
하양패턴,1
까망몸,1
기본백신접종,1
털량,1
촉감,1
감정적인,1
사굌자,1
탈출병,1
외모출중,1
위아래앞니,1
꼬리짝말림,1
엄마상,1
졸개,1
부분적으로긴털,1
강력함,1
주인을알아차림,1
태어난,1
미약한,1
우후지불편,1
낙엽붙음,1
왼볼입가쪽,1
일부이빨결여,1
웨이브진,1
성기노출,1
귀끝털,1
새침하,1
대세,1
관리가잘된,1
선명한,1
고생,1
산적함,1
아랫송곳니없음,1
찌꺼기,1
씻김,1
복지센터,1
붓모습,1
특별한발가락털,1
모범,1
쓰레기주움,1
돌진함,1
뛰기를잘함,1
종기몇개,1
기대,1
짐승,1
위험,1
클램핑장,1
품위,1
밤송이유사함,1
당돌함,1
양옆휨,1
복실복실함,1
털이많이엉켜있음,1
막내느낌,1
염료묻음,1
둥글,1
근질근질,1
등부위교상,1
의지하는,1
혀나와있음,1
패셔너블,1
바우와우스타일,1
입이벌어짐,1
쪼그만,1
조절,1
근육적,1
안정성,1
푸근함,1
날쌘,1
부어있음,1
목꺽임,1
사상충의심,1
개춘기,1
입가에손대기싫어함,1
마음열림시간필요,1
늘씬체형,1
입주위검털,1
거동불편,1
기름지지않음,1
스킨십을좋아함,1
안정,1
머즐까짐,1
양심의가책,1
일반적X,1
운동제한,1
보들한털,1
희뇨,1
케이지거부,1
꼬리미달림,1
송곳니있음,1
체형이탄탄함,1
잘키움,1
깨비풀붙음,1
곰돌이코,1
힘센,1
단단한체형,1
쭈글이,1
자신보호,1
건치미,1
붙어있음,1
이국적,1
새까만,1
앞안보임,1
입술털,1
날아다님,1
손잘줌,1
앉기훈련됨,1
핑꾸입술,1
양발로걷는,1
포근한,1
소듕함,1
발라당함,1
핏불,1
자기주장강함,1
오남잉,1
신비함,1
반달곰스톼,1
꼬리침,1
늑대,1
입모양,1
동그란코,1
뽀뽀를부르는입술,1
짜장묻힌입주변,1
기형,1
짝비틀댐,1
정확한나이어려움,1
까망까망,1
발가락결핍,1
몸바깥으로향함,1
예후나쁨,1
복수과다,1
응가,1
친절,1
벙어적,1
우전지어깨,1
혼나다경험,1
으릉거리다,1
가까이,1
싫어하다,1
지정거리,1
친절함,1
몸끈끈이,1
털빽빽,1
양안각막,1
이빨드러,1
앞니유실,1
주인있음,1
앞다리들고있었으나현재는없어,1
척추뼈만져짐,1
사진찍다,1
코붉음,1
숨다,1
반반닮음,1
무심한,1
분위기있는,1
느낌적인,1
빅뱅GD와연관,1
추종적인,1
송곳니끝깨짐,1
꼬리다듬기,1
백지같,1
초극단모,1
게슴츠레함,1
미견됨,1
퐁상퐁상하다,1
어미동반,1
필수,1
수면,1
앞쪽아랫니없음,1
등쪽뾰루지있음,1
웃음자아,1
발톰,1
주인을찾음,1
단아함,1
온숨,1
몸쪽심함,1
아이돌,1
너부리,1
포도맛,1
까망이,1
항문낭,1
리듬,1
물개닮외모,1
송곳니덜빠짐,1
남아있음,1
입벌림싫어함,1
귀이상,1
청력저하,1
교감능력뛰어남,1
눕눕부비,1
재미있는,1
흔들리는꼬리,1
언더샷,1
당당함,1
보습,1
뽀얌,1
귀에문제,1
달리기빠름,1
카라비너,1
앵무새닮음,1
왼쪽귀안접,1
코부홍,1
타협적,1
진료,1
이민간함,1
잘사는것,1
꼬리가둥글,1
산유리,1
새출발,1
공쥬,1
촘촘한털,1
애틋함,1
허스키스러움,1
털복사기,1
털민들레홀씨패턴,1
락하지않음,1
민들레홀씨,1
귀부분털,1
애타게,1
왼쪽뒷다리확인필요함,1
아이들,1
뽀삐,1
락처확인불가,1
침많음,1
상남자,1
독특한털,1
우아한,1
놀림을좋아함,1
사나이느낌,1
아이컨택우수,1
맴찢,1
우전지굳,1
전지,1
달래기쉬움,1
삐삐,1
거의이가없음,1
목욕받음,1
드러눕는걸좋아함,1
몸집,1
상해,1
뛰어다님,1
호피,1
모델,1
가스참,1
복실복실한털,1
나이어림,1
포동,1
몸숨김,1
잔망스러움,1
막내상,1
엄도심,1
생식기질환,1
장발,1
다른강아지를좋아함,1
뽀뽀,1
안쓰러움,1
애절하다,1
보호심,1
번치,1
떠돌아다닌,1
송곳니만남,1
귀털더긺,1
배검,1
중학생적합,1
고급지고,1
고질적인,1
몸길이에비해다리짧음,1
솜뭉치,1
외모갑,1
안와농양,1
앞니흔들거림,1
변화제,1
직장탈봉합처치,1
높콧대,1
양다리,1
꼬리끝,1
달콤한,1
튀어나옴,1
털나쁨,1
스트레스완화,1
기본지시어훈련없음,1
오른아래송곳니,1
호전적,1
전후지찰,1
털물지않음,1
앞니턱튀어나옴,1
목청,1
이동욱스러움,1
도토리,1
묶임경험,1
갱신,1
목태,1
좌복부,1
양후지움직임,1
좌안시력,1
항문주변털,1
발끝털정돈,1
사냥본능,1
굳센,1
막내,1
다인가구적합,1
케어가필요한,1
짝짓기선호,1
오드아이,1
꿈치,1
즐거운,1
젠틀함,1
장치,1
왼무릎,1
털스카프,1
선하,1
세련됨,1
배볼록함,1
무릎강아지,1
말많음,1
양발,1
발바닥손상,1
털자른,1
흔들기,1
초등이상자녀적합,1
천문열려있음,1
뚠뚠한머즐,1
하얗음,1
견제,1
주사,1
지간염,1
안내염,1
우후지경,1
인식표X,1
프로트라인,1
거즈엉망,1
드레싱필요,1
발바닥패드,1
방광파열,1
목주위털눌림,1
내원,1
고질소혈증,1
캣우먼,1
팡팡터짐,1
표현,1
신비로운,1
말귀이해,1
발맞춤,1
짜장가득,1
발목돌아감,1
많이움직임,1
덥수룩한털,1
주의,1
겸댕이,1
치와와느낌,1
불량,1
낮가림,1
관리요망,1
꼬리없는듯함,1
풍차꼬리,1
보들보들,1
주위를맴돔,1
자충없음,1
성품,1
우안심함,1
양뒷발,1
귀뒤로,1
핥음,1
외부소음에민감함,1
위턱나옴,1
다른강아지들을좋아하지않음,1
자기중심,1
엄마돌이,1
몽실한털,1
꼬리펠러,1
추움,1
보호병,1
집개,1
팔랑거리는,1
깔끔한,1
곰같음,1
나르시즘,1
여유롭다,1
호떡,1
세모모양,1
백곰느낌,1
건사료섭취,1
털이민들레,1
양후지무릎팥팥,1
아묾,1
웃음터짐,1
맹구닮음,1
분양희망자,1
가정적인,1
비단털,1
케이지파손,1
소녀미,1
주인,1
따라오다,1
딸기포도코,1
겸손함,1
꼬리를물지않음,1
털이빠름,1
콧등약간까임,1
맹한인상,1
안식처,1
외부소음,1
복강지방,1
움직임부족,1
특별함,1
견종속임수,1
독립,1
부어잌,1
털심함,1
발목붕대,1
털부족,1
털빛깔다양,1
웰시코기형제함께생활,1
콧등부어있음,1
앞니두개,1
견사탈출,1
말랑함,1
요조숙함,1
더벅머리,1
나이미확인,1
발달어려움,1
폭신한방석,1
위송곳니빠짐,1
발목부위근육,1
마이웨이,1
털이진하고미간주름,1
특이함,1
세련되는,1
기본훈련필요,1
관리불량,1
힘이없는,1
짝건들임,1
자주나오는,1
냄새맡는것좋아함,1
물씬나는외모,1
길쭉한,1
정확함,1
무시하는경향,1
복부,1
귀파인,1
생식기까짐,1
우렁찬성량,1
이빨결핍,1
고혈압,1
꼬리뭉툭,1
귀양쪽검점,1
양말,1
치아빠짐,1
아랫니네개빠짐,1
사납,1
물그릇,1
걸음불편,1
파절,1
콧등까,1
배쪽털젖음,1
털이빠짐,1
배꼽,1
피지못함,1
전신,1
코밑까짐,1
윗송곳니이상,1
아래송곳니이상,1
가죽끈,1
거부안함,1
말라있음,1
볼록하지않음,1
꼬리휨,1
집상주,1
발가락,1
유전병,1
시력부족,1
발털,1
생식기노출,1
위아래앞니몇개없음,1
검댕,1
덧니,1
치아괜찮음,1
코윗,1
팔꿈치부위,1
걱정,1
경미한탁함,1
털빛상태불량,1
오른쪽더심함,1
다리털엉키,1
비율,1
보행어려움,1
아랫니두개흔들림,1
윗송곳니짝마모,1
등쪽올무파고들어감,1
올무에걸림,1
코주변검반점,1
경련,1
불편함,1
병원확인필요,1
발끝검털,1
왼아래송곳니,1
시끄러움,1
아래앞니결핍,1
양후지불편,1
기본지시어,1
무두운,1
혀옆으로나옴,1
외동,1
왼송곳니마모,1
양뺨,1
소음공포,1
신장질환,1
말려있는꼬리,1
함께,1
잠이가,1
다정다감,1
이빨송곳니없음,1
의지많음,1
부풂,1
목욕친화적,1
데피니트투여,1
싫어하는행동,1
앉음능력,1
발육,1
이끌어주는역할,1
아래앞니세개없음,1
풀씨붙어있음,1
건조,1
적절한훈련필요,1
왼귀손상,1
우안안검손상,1
시골,1
스트레스,1
발가락사이,1
오른윗송곳니마모,1
콧등털없음,1
꼬리끝남김,1
무게확인불가,1
앉다,1
왼발바닥점,1
꼬리꺽임,1
쿠싱증후군,1
오른위송곳니옆이빨없음,1
체력,1
가정적합함,1
뒷목털짧음,1
탐험적,1
아랫니없음,1
양송곳니깨짐,1
윗앞니거의없음,1
완벽함,1
웃음부족,1
앉아있음,1
불어있음,1
치아관리부족,1
장기파열,1
오른쪽귀,1
주택마당적합,1
옵션,1
음낭발적,1
잠많음,1
오른윗송곳니없음,1
귀공자,1
늘어짐,1
아랫뱃처짐,1
주장성,1
자주깜빡임,1
곰팡이,1
콧등홍,1
전염병,1
예방접종완료,1
후지발가락,1
왼송곳니끝깨짐,1
왼귀찢어짐,1
젖소코,1
양앞발,1
건들면싫어함,1
아롱아롱거림,1
털매끄러움,1
모습,1
땅본다,1
윗송곳니사선,1
골격얇음,1
반달곰털,1
배빵,1
입거부,1
모델비율,1
배불,1
오래된집,1
문제행동,1
발손상,1
다리다침,1
포메라니안,1
푹신한털,1
왼윗송곳니손상,1
탁함,1
올라탐,1
마우스펀칭,1
웰시코기스러움,1
혼자서도잘함,1
상주,1
보살핌,1
하우스훈련,1
검코,1
다남,1
사타구니진물,1
사로잡음,1
콧등약,1
두발,1
견종,1
실물깡패,1
뾰족,1
외동타입,1
물질묻음,1
출퇴근,1
이빨확인불가능,1
관리필요한,1
점이있음,1
다리디디못함,1
단호한,1
견종특성유의,1
양앞발휨,1
환한웃음,1
귀옆으로약간뻗음,1
고환한개,1
체력강화필요,1
음낭부어오름,1
오른아래입술,1
생식기혈,1
나이든,1
헥헥,1
사타구니,1
얇음,1
빠른속도,1
스타일리시함,1
다리들기,1
초롱이,1
덜렁거림,1
혀짝내밂,1
다가감느림,1
당뇨병,1
낙천적,1
아래앞니전부,1
위앞니네개빠짐,1
이빨결여,1
만져주기좋아함,1
뇌수막염,1
짓무름,1
꼬리손상,1
검목띠,1
폭신한방석좋아함,1
윗송곳니없음,1
이빨흔들림,1
설악,1
윗앞니일부없음,1
커다란발,1
안면불편,1
잿빛털,1
썬글라스,1
입에웃음,1
불량털,1
앙상한몸빼곡함,1
온기충만함,1
귀털없음,1
몸털긴,1
좌후지못디딤,1
더심함,1
둔감한,1
짝짓기윔,1
영역표시,1
오래된,1
전지겨드랑이,1
입가붉음,1
안과질병,1
좌안튀어남,1
머리묶음,1
털덜빠짐,1
하나빠짐,1
귀손상,1
다리쪽털빠지는,1
호스피스,1
인슐린주사,1
골드빛털,1
함께할,1
자리가리기,1
외향적,1
등쪽피딱지,1
혼자,1
짧꼬리,1
단이,1
신나게흔듦,1
건의없음,1
견주찾는,1
대인,1
치아없음,1
안구탁함,1
가정환경,1
대강,1
매너를배우는,1
목띠,1
목부분붉음,1
검털귀,1
호구,1
갱얼지계,1
인식표없음,1
다쳤던다리,1
오른위,1
앞니덧니,1
왼쪽위,1
우측,1
음낭,1
다리휨,1
치매,1
치아결핍,1
반짝이까망이,1
땡땡이,1
아래앞니부족,1
정확성어려움,1
날씬한체형,1
입술부위,1
활동제한,1
무른변코,1
이빨마모,1
우측윗송곳니빠짐,1
보행의심,1
귀가선하게선,1
이해학습필요,1
특이사항없음,1
라임병예방,1
털탐결,1
아랫배처침,1
꼬리털길,1
절고있음,1
총격,1
두개빠짐,1
힘참,1
털탈출,1
호전,1
단독주택,1
훈련필요한,1
후지발등피,1
수제비귀,1
동양미,1
귀시원,1
패닉경향,1
상안,1
왕성한,1
서스럽,1
무릎,1
빗질무서움,1
뒷다리기형,1
앉음잘함,1
털푸석함,1
털푸석,1
격정,1
아이보리패턴,1
참함,1
손대기힘,1
까리한입모양,1
힘이강함,1
다른강아지와잘지냄,1
삼안검노출,1
막대기미흡,1
받아들임성이좋음,1
아나플라즈마,1
지못미,1
왼윗송곳니절반깨짐,1
들개무리,1
꼬리문제없음,1
중재적,1
거동불편함,1
테두리검털,1
중후함,1
쪼그만함,1
앞발,1
우안외사시,1
털정돈,1
아래턱,1
각막건조증,1
치염,1
행복을원하는,1
양말털,1
우측젖꼭지손상,1
염전,1
케어예정,1
서글서글함,1
포스있는,1
잠을좋아함,1
아랫송곳니,1
약간남김,1
오른송곳니없음,1
미간,1
힘들어함,1
우안돌출,1
우측귀이형,1
털털림,1
대퇴골폴립,1
비공협착,1
앞니비틀림,1
외부기생충약,1
사료기호성낮음,1
입자,1
앞머리긺,1
귀테두리찢김,1
털한빛,1
비듬,1
시츄느낌,1
찹쌀떡모양,1
야무진,1
제대,1
가죽벗겨짐,1
위아래앞니남음,1
왼쪽아래송곳니빠짐,1
윗니빠짐,1
고독을즐기는,1
종류혼합,1
귀가선,1
쓰러진,1
견주분찾음,1
위독,1
좌후지허벅지,1
짝이드림,1
케이지나감,1
이빨드러내,1
털난생김,1
좌안돌출,1
소음에민감함,1
귀가선하다,1
다른강아지와사이좋음,1
따라다니는,1
시그니처,1
안정적인보행,1
루돌프,1
귀옆으로뻗음,1
발밖으로뒤틀림,1
아랫니확인불가,1
배농피증,1
오른귀짝처짐,1
윗앞니몇개빠짐,1
아이,1
실물,1
하트,1
누구,1
다른,1
뒷발차기,1
귀짝펴진,1
송곳니절반깨짐,1
이름요미,1
락처없음,1
우람함,1
둥글둥글,1
시원시원한이목구비,1
참아줌,1
외모좋음,1
안검하수,1
잇몸파임,1
인미소,1
입모양이웃는,1
흔들리는,1
발가락여섯개,1
쫄쫄거리는,1
다리팔꿈치심함,1
마르다,1
신체,1
이마딱지,1
급함,1
끈묶여옴,1
에르리히아,1
시선강탈,1
화낸새인상,1
지시어,1
털관리요망,1
보너스,1
하운드,1
사진미,1
몰키느낌,1
케이지어려움,1
직구,1
귀가선명함,1
꼬리길이가길다,1
잇몸에피남,1
거대함,1
털빠지는,1
털이길고,1
개성,1
털이북실북실한,1
앞니부분결핍,1
이해함,1
기저귀,1
프론트라인조치,1
왼쪽으로돔,1
짝김,1
꼬깔모,1
다름,1
이마털묶음,1
짝짝이가면,1
치와와,1
호의,1
귀반접함,1
윗턱튀어나옴,1
원숭이라인,1
가르마,1
검사미실시,1
말로형용할수없는외모,1
형제인듯한닮음,1
옆모습,1
불편한앞발,1
조각,1
똥오줌,1
배랑,1
진무른,1
몸통,1
찡찡이,1
관경병접종,1
관경병,1
혼남경험,1
개그맨닮음,1
관리있음,1
우측짝저,1
아이보리,1
창상,1
유사함,1
아련한외모,1
꼬리민감,1
뒷다리딛기힘들어함,1
흔들거리는이빨있음,1
너구리닮음,1
콜백성향,1
사진카메라,1
바둥거림,1
오동통한다리,1
입술이뽀얗,1
머리긴,1
긴머즐,1
가위로자름흔적,1
시원한이목구비,1
이빨몇개안남음,1
자유분방한헤어스타일,1
예술가느낌,1
아랫앞니빠짐,1
퐁상,1
커피향,1
안구문제,1
조화,1
생식기기형,1
집중력,1
치임주의,1
숨김,1
아래로쳐진귀,1
털듬성,1
호빵을물고있는입,1
고랑,1
반겨줌,1
주인찾음,1
등쪽털긺,1
새날개같음,1
교육가능,1
웃음많음,1
나이부정,1
검둥이,1
동그랗다,1
의료지원필요,1
늑대상의,1
감사함을표현,1
미얀,1
잠복성공,1
후지농피증,1
약간비틀거림,1
정확한나이,1
앞니손상,1
걷기어려움,1
반환,1
꼬물이느낌,1
민들레털,1
짝짝이함,1
우후지발목,1
달려다녀요,1
이빨하나빠짐,1
특징있는외모,1
가방과함께,1
입술,1
양옆구리,1
안절부절못함,1
늘씬한체형,1
냄새감지,1
왔다갔다,1
내실근육,1
푸른사료,1
크고귀세움,1
매너기저귀,1
꼬리털부족,1
젖분비,1
변비,1
반짝임,1
양앞다리꺾임,1
말랑말랑함,1
돌격형,1
꼬리민감함,1
안절부절못,1
캐주얼,1
사시,1
학대의심,1
화려한패턴,1
펴진귀,1
사막여우형제,1
완벽한모델포즈,1
점잖음,1
여리여림,1
보호소에서보호중,1
행동굼뜸,1
후지절음,1
마모됨,1
단모,1
나타나줘요,1
너구리상,1
근력강화,1
발열,1
등털밀림,1
미소지어지다,1
톱빠짐,1
샤프한털,1
냄새맡음,1
동글동글한외모,1
뾱뾱,1
이빨확인어려움,1
뼈들어남,1
남김,1
초롱초롱,1
고라니,1
의지,1
미상,1
외부활동,1
장기체류가능,1
교감능력,1
반듯한외모,1
까만,1
말썽안함,1
여우상,1
어미와새끼,1
털밀림,1
냄새남,1
여포,1
깔끔한이미지,1
뇌진탕,1
예후관찰,1
다루기좋음,1
효과적,1
양후지미사용,1
젖이불어있음,1
하얗,1
철사감겨있음,1
아랫니결핍,1
몸듬성듬성,1
혼자있음어려움,1
손상심,1
안락함,1
안면부털밀림,1
헐떡거림,1
전체손상심,1
겸딩,1
몸떰,1
우측윗송곳니흔들림,1
좌측앞니결핍,1
귀모양다름,1
미끄럼방지,1
질병민감,1
치유,1
제대허니아,1
성견,1
보행안하려함,1
아랫니만있음,1
외모문제,1
양아래송곳니,1
발진,1
입냄새,1
귀테두리,1
왼송곳니휘어있음,1
촉촉,1
급식,1
발발함,1
안구,1
접착성,1
왼쓸개골,1
담요함께옴,1
뒷다리못씀,1
교육숙련,1
털정리필요,1
깔끔한인상,1
길쭉한털,1
안락을찾음,1
방치,1
새끼와함께함,1
고개꺾임,1
진흙묻음,1
츄잉이의존,1
묻숯검댕,1
깨방정,1
날개,1
교육,1
골반,1
아랫니세개남음,1
윗니몇개없음,1
정확한나이확인불가,1
알려진,1
새침한,1
단아한,1
뽀뽀쟁이,1
가피형성,1
주인바라기,1
내장이상,1
외형,1
들이대는,1
블루멀,1
독스포츠능숙함,1
넘사벽,1
부들부들한털,1
토끼모,1
특이털코트,1
항문낭문제,1
까칠함,1
태선화,1
시끌벅적한환경적합,1
우안핵경화,1
엉덩이근처털거의없음,1
보행곤란,1
발목아래기형,1
다리강직,1
귀가둔하,1
털섞임,1
감사함,1
길거리생활,1
보석같아이,1
관리상태안좋음,1
우안없음,1
갑상선저하증,1
호텔장안,1
무덤덤,1
집지킴,1
내려가,1
도톰,1
빠진이빨,1
긴꼬리털,1
목드레싱,1
수혈,1
사지묶임,1
다리털일부덜밀림,1
정상적,1
반쪽털,1
소수,1
숨쉬기불편,1
오른위송곳니빠짐,1
송곳니많음,1
보호본능적,1
힘이세다,1
와일드함,1
다쳤던,1
이빨상태나쁨,1
깔끔한스타일,1
좌후지휨,1
훈련잘됨,1
모범생,1
거밤음,1
안심함,1
짓눌림,1
사냥,1
근육량,1
익숙하지않음,1
쇼파뛰기,1
몸잘못가눔,1
뽀뽀좋아함,1
안달함,1
논다,1
육아,1
세련돋는,1
꼬리길다,1
꼬리중간끝털길다,1
발털짧다,1
코약간기형,1
왼쪽귀끝일부없음,1
차도남스타일,1
점프,1
사려깊음,1
내림상,1
놀랍다,1
뽀송함,1
생식기에민감,1
털빈약함,1
아랫배,1
좌안구적출,1
꼬리달기,1
사료애호,1
모카,1
힘줌,1
기본지시어훈련,1
병원이동,1
양안안구,1
진지함,1
들춰,1
견족류털,1
미동,1
오른쪽엉덩이,1
관리잘되어있음,1
우측전지,1
귀를뒤로젖힘,1
뾱뾱고개흔들기,1
목청좋음,1
독특한아이린,1
꼬리중간끝털,1
포메느낌,1
곰탱이스러움,1
외소함,1
쾌적한집안환경필요,1
외모우유라인,1
바깥생활,1
마음편함,1
비율좋음,1
꼬리짓,1
쭈구리,1
엉덩이털없음,1
특이한외모,1
항문털,1
완료,1
긴몸,1
항문비대,1
털털어짐,1
다리비틀림,1
가출경험있음,1
경험부족,1
아랫니부족,1
손쉬움,1
윗앞니이상,1
이빨튀어나옴,1
잘못씀,1
빠진앞니,1
꼬리중간털,1
들개느낌,1
폭신인형,1
끈리드,1
정확한나이불가능,1
입좁음,1
머리고정,1
앞니일부없음,1
안뜸,1
우측윗송곳니없음,1
긴귀털,1
낡음,1
코푸석,1
뾰족한입,1
어미견과함께,1
다정,1
패기,1
복수증,1
또렷한이목구비,1
두꺼운아이라인,1
귀크고펄럭거리는,1
윗앞니개빠짐,1
정확한나이불가,1
뾱뾱자세,1
엎드려있으려함,1
붉음,1
털길이,1
신체접근성낮음,1
양전지팔꿈치굳,1
